Title,Price,Availability,Rating
A Light in the Attic,Â51.77,In stock,3
Tipping the Velvet,Â53.74,In stock,1
Soumission,Â50.10,In stock,1
Sharp Objects,Â47.82,In stock,4
Sapiens: A Brief History of Humankind,Â54.23,In stock,5
The Requiem Red,Â22.65,In stock,1
The Dirty Little Secrets of Getting Your Dream Job,Â33.34,In stock,4
"The Coming Woman: A Novel Based on the Life of the Infamous Feminist, Victoria Woodhull",Â17.93,In stock,3
The Boys in the Boat: Nine Americans and Their Epic Quest for Gold at the 1936 Berlin Olympics,Â22.60,In stock,4
The Black Maria,Â52.15,In stock,1
"Starving Hearts (Triangular Trade Trilogy, #1)",Â13.99,In stock,2
Shakespeare's Sonnets,Â20.66,In stock,4
Set Me Free,Â17.46,In stock,5
Scott Pilgrim's Precious Little Life (Scott Pilgrim #1),Â52.29,In stock,5
Rip it Up and Start Again,Â35.02,In stock,5
"Our Band Could Be Your Life: Scenes from the American Indie Underground, 1981-1991",Â57.25,In stock,3
Olio,Â23.88,In stock,1
Mesaerion: The Best Science Fiction Stories 1800-1849,Â37.59,In stock,1
Libertarianism for Beginners,Â51.33,In stock,2
It's Only the Himalayas,Â45.17,In stock,2
In Her Wake,Â12.84,In stock,1
How Music Works,Â37.32,In stock,2
"Foolproof Preserving: A Guide to Small Batch Jams, Jellies, Pickles, Condiments, and More: A Foolproof Guide to Making Small Batch Jams, Jellies, Pickles, Condiments, and More",Â30.52,In stock,3
Chase Me (Paris Nights #2),Â25.27,In stock,5
Black Dust,Â34.53,In stock,5
Birdsong: A Story in Pictures,Â54.64,In stock,3
America's Cradle of Quarterbacks: Western Pennsylvania's Football Factory from Johnny Unitas to Joe Montana,Â22.50,In stock,3
Aladdin and His Wonderful Lamp,Â53.13,In stock,3
Worlds Elsewhere: Journeys Around Shakespeareâs Globe,Â40.30,In stock,5
Wall and Piece,Â44.18,In stock,4
The Four Agreements: A Practical Guide to Personal Freedom,Â17.66,In stock,5
The Five Love Languages: How to Express Heartfelt Commitment to Your Mate,Â31.05,In stock,3
The Elephant Tree,Â23.82,In stock,5
The Bear and the Piano,Â36.89,In stock,1
Sophie's World,Â15.94,In stock,5
Penny Maybe,Â33.29,In stock,3
Maude (1883-1993):She Grew Up with the country,Â18.02,In stock,2
"In a Dark, Dark Wood",Â19.63,In stock,1
Behind Closed Doors,Â52.22,In stock,4
You can't bury them all: Poems,Â33.63,In stock,2
Slow States of Collapse: Poems,Â57.31,In stock,3
Reasons to Stay Alive,Â26.41,In stock,2
Private Paris (Private #10),Â47.61,In stock,5
#HigherSelfie: Wake Up Your Life. Free Your Soul. Find Your Tribe.,Â23.11,In stock,5
Without Borders (Wanderlove #1),Â45.07,In stock,2
When We Collided,Â31.77,In stock,1
"We Love You, Charlie Freeman",Â50.27,In stock,5
Untitled Collection: Sabbath Poems 2014,Â14.27,In stock,4
"Unseen City: The Majesty of Pigeons, the Discreet Charm of Snails & Other Wonders of the Urban Wilderness",Â44.18,In stock,4
Unicorn Tracks,Â18.78,In stock,3
"Unbound: How Eight Technologies Made Us Human, Transformed Society, and Brought Our World to the Brink",Â25.52,In stock,1
Tsubasa: WoRLD CHRoNiCLE 2 (Tsubasa WoRLD CHRoNiCLE #2),Â16.28,In stock,1
Throwing Rocks at the Google Bus: How Growth Became the Enemy of Prosperity,Â31.12,In stock,3
This One Summer,Â19.49,In stock,4
Thirst,Â17.27,In stock,5
The Torch Is Passed: A Harding Family Story,Â19.09,In stock,1
The Secret of Dreadwillow Carse,Â56.13,In stock,1
"The Pioneer Woman Cooks: Dinnertime: Comfort Classics, Freezer Food, 16-Minute Meals, and Other Delicious Ways to Solve Supper!",Â56.41,In stock,1
The Past Never Ends,Â56.50,In stock,4
The Natural History of Us (The Fine Art of Pretending #2),Â45.22,In stock,3
The Nameless City (The Nameless City #1),Â38.16,In stock,4
The Murder That Never Was (Forensic Instincts #5),Â54.11,In stock,3
The Most Perfect Thing: Inside (and Outside) a Bird's Egg,Â42.96,In stock,4
"The Mindfulness and Acceptance Workbook for Anxiety: A Guide to Breaking Free from Anxiety, Phobias, and Worry Using Acceptance and Commitment Therapy",Â23.89,In stock,4
The Life-Changing Magic of Tidying Up: The Japanese Art of Decluttering and Organizing,Â16.77,In stock,3
"The Inefficiency Assassin: Time Management Tactics for Working Smarter, Not Longer",Â20.59,In stock,5
The Gutsy Girl: Escapades for Your Life of Epic Adventure,Â37.13,In stock,1
The Electric Pencil: Drawings from Inside State Hospital No. 3,Â56.06,In stock,1
The Death of Humanity: and the Case for Life,Â58.11,In stock,4
"The Bulletproof Diet: Lose up to a Pound a Day, Reclaim Energy and Focus, Upgrade Your Life",Â49.05,In stock,3
The Art Forger,Â40.76,In stock,3
The Age of Genius: The Seventeenth Century and the Birth of the Modern Mind,Â19.73,In stock,1
The Activist's Tao Te Ching: Ancient Advice for a Modern Revolution,Â32.24,In stock,5
Spark Joy: An Illustrated Master Class on the Art of Organizing and Tidying Up,Â41.83,In stock,4
Soul Reader,Â39.58,In stock,2
Security,Â39.25,In stock,2
"Saga, Volume 6 (Saga (Collected Editions) #6)",Â25.02,In stock,3
"Saga, Volume 5 (Saga (Collected Editions) #5)",Â51.04,In stock,2
Reskilling America: Learning to Labor in the Twenty-First Century,Â19.83,In stock,2
"Rat Queens, Vol. 3: Demons (Rat Queens (Collected Editions) #11-15)",Â50.40,In stock,3
"Princess Jellyfish 2-in-1 Omnibus, Vol. 01 (Princess Jellyfish 2-in-1 Omnibus #1)",Â13.61,In stock,5
Princess Between Worlds (Wide-Awake Princess #5),Â13.34,In stock,5
"Pop Gun War, Volume 1: Gift",Â18.97,In stock,1
"Political Suicide: Missteps, Peccadilloes, Bad Calls, Backroom Hijinx, Sordid Pasts, Rotten Breaks, and Just Plain Dumb Mistakes in the Annals of American Politics",Â36.28,In stock,2
Patience,Â10.16,In stock,3
"Outcast, Vol. 1: A Darkness Surrounds Him (Outcast #1)",Â15.44,In stock,4
orange: The Complete Collection 1 (orange: The Complete Collection #1),Â48.41,In stock,1
Online Marketing for Busy Authors: A Step-By-Step Guide,Â46.35,In stock,1
On a Midnight Clear,Â14.07,In stock,3
Obsidian (Lux #1),Â14.86,In stock,2
My Paris Kitchen: Recipes and Stories,Â33.37,In stock,2
Masks and Shadows,Â56.40,In stock,2
"Mama Tried: Traditional Italian Cooking for the Screwed, Crude, Vegan, and Tattooed",Â14.02,In stock,4
"Lumberjanes, Vol. 2: Friendship to the Max (Lumberjanes #5-8)",Â46.91,In stock,2
"Lumberjanes, Vol. 1: Beware the Kitten Holy (Lumberjanes #1-4)",Â45.61,In stock,3
Lumberjanes Vol. 3: A Terrible Plan (Lumberjanes #9-12),Â19.92,In stock,2
"Layered: Baking, Building, and Styling Spectacular Cakes",Â40.11,In stock,1
Judo: Seven Steps to Black Belt (an Introductory Guide for Beginners),Â53.90,In stock,2
Join,Â35.67,In stock,5
In the Country We Love: My Family Divided,Â22.00,In stock,4
Immunity: How Elie Metchnikoff Changed the Course of Modern Medicine,Â57.36,In stock,5
"I Hate Fairyland, Vol. 1: Madly Ever After (I Hate Fairyland (Compilations) #1-5)",Â29.17,In stock,2
I am a Hero Omnibus Volume 1,Â54.63,In stock,3
How to Be Miserable: 40 Strategies You Already Use,Â46.03,In stock,1
Her Backup Boyfriend (The Sorensen Family #1),Â33.97,In stock,1
"Giant Days, Vol. 2 (Giant Days #5-8)",Â22.11,In stock,2
Forever and Forever: The Courtship of Henry Longfellow and Fanny Appleton,Â29.69,In stock,3
First and First (Five Boroughs #3),Â15.97,In stock,4
Fifty Shades Darker (Fifty Shades #2),Â21.96,In stock,1
Everydata: The Misinformation Hidden in the Little Data You Consume Every Day,Â54.35,In stock,2
"Don't Be a Jerk: And Other Practical Advice from Dogen, Japan's Greatest Zen Master",Â37.97,In stock,2
Danganronpa Volume 1,Â51.99,In stock,4
Crown of Midnight (Throne of Glass #2),Â43.29,In stock,3
"Codename Baboushka, Volume 1: The Conclave of Death",Â36.72,In stock,4
Camp Midnight,Â17.08,In stock,4
Call the Nurse: True Stories of a Country Nurse on a Scottish Isle,Â29.14,In stock,5
Burning,Â28.81,In stock,3
Bossypants,Â49.46,In stock,2
"Bitch Planet, Vol. 1: Extraordinary Machine (Bitch Planet (Collected Editions))",Â37.92,In stock,2
"Avatar: The Last Airbender: Smoke and Shadow, Part 3 (Smoke and Shadow #3)",Â28.09,In stock,2
Algorithms to Live By: The Computer Science of Human Decisions,Â30.81,In stock,1
A World of Flavor: Your Gluten Free Passport,Â42.95,In stock,1
"A Piece of Sky, a Grain of Rice: A Memoir in Four Meditations",Â56.76,In stock,5
A Murder in Time,Â16.64,In stock,1
A Flight of Arrows (The Pathfinders #2),Â55.53,In stock,5
A Fierce and Subtle Poison,Â28.13,In stock,4
A Court of Thorns and Roses (A Court of Thorns and Roses #1),Â52.37,In stock,1
(Un)Qualified: How God Uses Broken People to Do Big Things,Â54.00,In stock,5
You Are What You Love: The Spiritual Power of Habit,Â21.87,In stock,4
"William Shakespeare's Star Wars: Verily, A New Hope (William Shakespeare's Star Wars #4)",Â43.30,In stock,4
Tuesday Nights in 1980,Â21.04,In stock,2
Tracing Numbers on a Train,Â41.60,In stock,3
Throne of Glass (Throne of Glass #1),Â35.07,In stock,3
Thomas Jefferson and the Tripoli Pirates: The Forgotten War That Changed American History,Â59.64,In stock,1
Thirteen Reasons Why,Â52.72,In stock,1
The White Cat and the Monk: A Retelling of the Poem âPangur BÃ¡nâ,Â58.08,In stock,4
The Wedding Dress,Â24.12,In stock,1
The Vacationers,Â42.15,In stock,4
The Third Wave: An Entrepreneurâs Vision of the Future,Â12.61,In stock,5
The Stranger,Â17.44,In stock,4
The Shadow Hero (The Shadow Hero),Â33.14,In stock,1
The Secret (The Secret #1),Â27.37,In stock,4
The Regional Office Is Under Attack!,Â51.36,In stock,5
The Psychopath Test: A Journey Through the Madness Industry,Â36.00,In stock,2
The Project,Â10.65,In stock,1
The Power of Now: A Guide to Spiritual Enlightenment,Â43.54,In stock,2
The Omnivore's Dilemma: A Natural History of Four Meals,Â38.21,In stock,2
The Nerdy Nummies Cookbook: Sweet Treats for the Geek in All of Us,Â37.34,In stock,5
The Murder of Roger Ackroyd (Hercule Poirot #4),Â44.10,In stock,4
The Mistake (Off-Campus #2),Â43.29,In stock,3
The Matchmaker's Playbook (Wingmen Inc. #1),Â55.85,In stock,1
The Love and Lemons Cookbook: An Apple-to-Zucchini Celebration of Impromptu Cooking,Â37.60,In stock,2
The Long Shadow of Small Ghosts: Murder and Memory in an American City,Â10.97,In stock,1
The Kite Runner,Â41.82,In stock,4
The House by the Lake,Â36.95,In stock,1
The Glittering Court (The Glittering Court #1),Â44.28,In stock,1
The Girl on the Train,Â55.02,In stock,2
The Genius of Birds,Â17.24,In stock,1
The Emerald Mystery,Â23.15,In stock,2
The Cookies & Cups Cookbook: 125+ sweet & savory recipes reminding you to Always Eat Dessert First,Â41.25,In stock,1
The Bridge to Consciousness: I'm Writing the Bridge Between Science and Our Old and New Beliefs.,Â32.00,In stock,3
The Artist's Way: A Spiritual Path to Higher Creativity,Â38.49,In stock,5
The Art of War,Â33.34,In stock,5
The Argonauts,Â10.93,In stock,2
The 10% Entrepreneur: Live Your Startup Dream Without Quitting Your Day Job,Â27.55,In stock,3
Suddenly in Love (Lake Haven #1),Â55.99,In stock,2
Something More Than This,Â16.24,In stock,4
Soft Apocalypse,Â26.12,In stock,2
So You've Been Publicly Shamed,Â12.23,In stock,2
Shoe Dog: A Memoir by the Creator of NIKE,Â23.99,In stock,2
"Shobu Samurai, Project Aryoku (#3)",Â29.06,In stock,3
Secrets and Lace (Fatal Hearts #1),Â20.27,In stock,1
Scarlett Epstein Hates It Here,Â43.55,In stock,5
Romero and Juliet: A Tragic Tale of Love and Zombies,Â36.94,In stock,1
Redeeming Love,Â20.47,In stock,5
Poses for Artists Volume 1 - Dynamic and Sitting Poses: An Essential Reference for Figure Drawing and the Human Form,Â41.06,In stock,1
Poems That Make Grown Women Cry,Â14.19,In stock,4
"Nightingale, Sing",Â38.28,In stock,1
Night Sky with Exit Wounds,Â41.05,In stock,1
Mrs. Houdini,Â30.25,In stock,5
Modern Romance,Â28.26,In stock,5
Miss Peregrineâs Home for Peculiar Children (Miss Peregrineâs Peculiar Children #1),Â10.76,In stock,1
Louisa: The Extraordinary Life of Mrs. Adams,Â16.85,In stock,2
Little Red,Â13.47,In stock,3
Library of Souls (Miss Peregrineâs Peculiar Children #3),Â48.56,In stock,5
Large Print Heart of the Pride,Â19.15,In stock,2
I Had a Nice Time And Other Lies...: How to find love & sh*t like that,Â57.36,In stock,4
Hollow City (Miss Peregrineâs Peculiar Children #2),Â42.98,In stock,1
Grumbles,Â22.16,In stock,2
Full Moon over Noahâs Ark: An Odyssey to Mount Ararat and Beyond,Â49.43,In stock,4
Frostbite (Vampire Academy #2),Â29.99,In stock,5
Follow You Home,Â21.36,In stock,1
First Steps for New Christians (Print Edition),Â29.00,In stock,1
Finders Keepers (Bill Hodges Trilogy #2),Â53.53,In stock,5
"Fables, Vol. 1: Legends in Exile (Fables #1)",Â41.62,In stock,4
Eureka Trivia 6.0,Â54.59,In stock,4
Drive: The Surprising Truth About What Motivates Us,Â34.95,In stock,4
Done Rubbed Out (Reightman & Bailey #1),Â37.72,In stock,5
Doing It Over (Most Likely To #1),Â35.61,In stock,3
"Deliciously Ella Every Day: Quick and Easy Recipes for Gluten-Free Snacks, Packed Lunches, and Simple Meals",Â42.16,In stock,3
